"","Name","Email","Courses","Status"
"1","Miss Retha Howe","angie76@example.com","2","Active"
"2","Dr. Dulce Jast Sr.","conn.mavis@example.com","2","Active"
"3","Jennie Welch MD","evie54@example.net","2","Active"
"4","Prof. Everette Simonis IV","houston.bode@example.org","2","Active"
"5","Jailyn Marks","cschaefer@example.com","2","Active"
"6","Alfonso Lowe","mary.douglas@example.com","2","Active"
"7","Dagmar Adams DVM","kiehn.guy@example.org","2","Active"
"8","Isai Bogisich","terry.lenna@example.org","2","Active"
"9","Marcos Sanford","tianna64@example.org","2","Active"
"10","Valerie Rodriguez","stephania10@example.org","3","Active"
